item_id	target_slot_id	original_pv_id	original_pv	current_target_pv	condition	expected_response	target_form	sentence_text	intended_sense	mismatch_type	source_set	source_material	source_item_or_pair_id	candidate_id	quality_status	review_score_100	score_basis	revision_priority	pair_rationale	notes
cljt_001a	cljt_001	pv_001	break off	break off	acceptable	acceptable	broke off	The union broke off negotiations before arbitration.	end negotiations, talks, or a relationship	none	multi_agent_revision_v3	multi_agent_synthesis_2026-07-04_round3	cljt_001	multi_agent_v3	multi_agent_revision_native_review_required	91	multi_agent_consensus_against_c_level_rubric_v3	native_review_then_pilot_strong	Both objects belong to negotiation discourse; negotiations can be ended, whereas concessions are accepted, offered, or withdrawn rather than broken off in this sense.	multi-agent synthesis v3; improves talks/proposal pair by using negotiations/concessions to reduce alternate readings of breaking off a proposal.
cljt_001b	cljt_001	pv_001	break off	break off	unacceptable	unacceptable	broke off	The union broke off concessions before arbitration.	end negotiations, talks, or a relationship	negotiation_process_term_mismatch	multi_agent_revision_v3	multi_agent_synthesis_2026-07-04_round3	cljt_001	multi_agent_v3	multi_agent_revision_native_review_required	91	multi_agent_consensus_against_c_level_rubric_v3	native_review_then_pilot_strong	Both objects belong to negotiation discourse; negotiations can be ended, whereas concessions are accepted, offered, or withdrawn rather than broken off in this sense.	multi-agent synthesis v3; improves talks/proposal pair by using negotiations/concessions to reduce alternate readings of breaking off a proposal.
cljt_002a	cljt_002	pv_002	hand over	hand over	acceptable	acceptable	handed over	The agency handed over the investigation to prosecutors.	transfer control, responsibility, or possession to another authority	none	multi_agent_revision_v3	multi_agent_synthesis_2026-07-04_round3	cljt_002	multi_agent_v3	multi_agent_revision_native_review_required	90	multi_agent_consensus_against_c_level_rubric_v3	native_review_then_pilot_strong	Both complements are legal-domain items; an investigation can be transferred as responsibility, whereas a verdict is an outcome delivered by a court, not handed over to prosecutors.	multi-agent synthesis v3; moves from prisoner/arrest to investigation/verdict to reduce animacy and custody-specific cueing.
cljt_002b	cljt_002	pv_002	hand over	hand over	unacceptable	unacceptable	handed over	The agency handed over the verdict to prosecutors.	transfer control, responsibility, or possession to another authority	transferable_case_outcome_mismatch	multi_agent_revision_v3	multi_agent_synthesis_2026-07-04_round3	cljt_002	multi_agent_v3	multi_agent_revision_native_review_required	90	multi_agent_consensus_against_c_level_rubric_v3	native_review_then_pilot_strong	Both complements are legal-domain items; an investigation can be transferred as responsibility, whereas a verdict is an outcome delivered by a court, not handed over to prosecutors.	multi-agent synthesis v3; moves from prisoner/arrest to investigation/verdict to reduce animacy and custody-specific cueing.
cljt_003a	cljt_003	pv_003	give out	set up	acceptable	acceptable	set up	The agency set up a review process.	establish_create_or_arrange	none	v2_replacement	PHaVE	v2_001	rep_018	production_candidate_after_native_review	90	self_review_against_c_level_rubric_v2	native_review_then_pilot_strong	Process and finding are review-domain nouns; only the process can naturally be established or arranged.	replaces pv_003 give out; candidate_id=rep_018; original_v6_action=replace_or_rewrite; Check whether set up a finding is impossible for all native reviewers.
cljt_003b	cljt_003	pv_003	give out	set up	unacceptable	unacceptable	set up	The agency set up a review finding.	establish_create_or_arrange	wrong_created_entity	v2_replacement	PHaVE	v2_001	rep_018	production_candidate_after_native_review	90	self_review_against_c_level_rubric_v2	native_review_then_pilot_strong	Process and finding are review-domain nouns; only the process can naturally be established or arranged.	replaces pv_003 give out; candidate_id=rep_018; original_v6_action=replace_or_rewrite; Check whether set up a finding is impossible for all native reviewers.
cljt_004a	cljt_004	pv_004	put in	take up	acceptable	acceptable	took up	The committee took up the funding issue.	discuss_or_deal_with_issue	none	v2_replacement	PHaVE	v2_002	rep_002	minor_revision_needed	88	self_review_against_c_level_rubric_v2	native_review_then_pilot	Issue and outcome are same institutional domain; outcome is less naturally taken up as an agenda item.	replaces pv_004 put in; candidate_id=rep_002; original_v6_action=replace_or_rewrite; Check whether take up the outcome is acceptable as discuss outcome.
cljt_004b	cljt_004	pv_004	put in	take up	unacceptable	unacceptable	took up	The committee took up the funding outcome.	discuss_or_deal_with_issue	wrong_discussion_object	v2_replacement	PHaVE	v2_002	rep_002	minor_revision_needed	88	self_review_against_c_level_rubric_v2	native_review_then_pilot	Issue and outcome are same institutional domain; outcome is less naturally taken up as an agenda item.	replaces pv_004 put in; candidate_id=rep_002; original_v6_action=replace_or_rewrite; Check whether take up the outcome is acceptable as discuss outcome.
cljt_005a	cljt_005	pv_005	take in	put off	acceptable	acceptable	put off	The board put off the final vote.	delay_until_later	none	v2_replacement	PHaVE	v2_003	rep_030	minor_revision_needed	88	self_review_against_c_level_rubric_v2	native_review_then_pilot	Vote and evidence are decision-domain objects; only the vote is naturally schedulable for delay.	replaces pv_005 take in; candidate_id=rep_030; original_v6_action=replace_or_rewrite; Evidence can be excluded or withheld, but not normally put off.
cljt_005b	cljt_005	pv_005	take in	put off	unacceptable	unacceptable	put off	The board put off the final evidence.	delay_until_later	wrong_delay_object	v2_replacement	PHaVE	v2_003	rep_030	minor_revision_needed	88	self_review_against_c_level_rubric_v2	native_review_then_pilot	Vote and evidence are decision-domain objects; only the vote is naturally schedulable for delay.	replaces pv_005 take in; candidate_id=rep_030; original_v6_action=replace_or_rewrite; Evidence can be excluded or withheld, but not normally put off.
cljt_006a	cljt_006	pv_006	sit back	take on	acceptable	acceptable	took on	The lawyer took on the difficult case.	undertake_role_task_or_responsibility	none	v2_replacement	PHaVE	v2_004	rep_019	production_candidate_after_native_review	90	self_review_against_c_level_rubric_v2	native_review_then_pilot_strong	Case and verdict are legal-domain nouns; only the case is a responsibility one can undertake.	replaces pv_006 sit back; candidate_id=rep_019; original_v6_action=replace_or_rewrite; Strong candidate, but verify that verdict is not interpretable as a challenge.
cljt_006b	cljt_006	pv_006	sit back	take on	unacceptable	unacceptable	took on	The lawyer took on the difficult verdict.	undertake_role_task_or_responsibility	wrong_responsibility_object	v2_replacement	PHaVE	v2_004	rep_019	production_candidate_after_native_review	90	self_review_against_c_level_rubric_v2	native_review_then_pilot_strong	Case and verdict are legal-domain nouns; only the case is a responsibility one can undertake.	replaces pv_006 sit back; candidate_id=rep_019; original_v6_action=replace_or_rewrite; Strong candidate, but verify that verdict is not interpretable as a challenge.
cljt_007a	cljt_007	pv_007	hold back	give in	acceptable	acceptable	gave in	The company gave in to public pressure.	yield_to_demands_or_pressure	none	v2_replacement	PHaVE	v2_005	rep_005	minor_revision_needed	86	self_review_against_c_level_rubric_v2	native_review_then_pilot	Pressure and policy are public-domain nouns; pressure can force yielding, policy normally cannot.	replaces pv_007 hold back; candidate_id=rep_005; original_v6_action=replace_or_rewrite; May be a comparatively easy anchor item for C1.
cljt_007b	cljt_007	pv_007	hold back	give in	unacceptable	unacceptable	gave in	The company gave in to public policy.	yield_to_demands_or_pressure	wrong_pressure_source	v2_replacement	PHaVE	v2_005	rep_005	minor_revision_needed	86	self_review_against_c_level_rubric_v2	native_review_then_pilot	Pressure and policy are public-domain nouns; pressure can force yielding, policy normally cannot.	replaces pv_007 hold back; candidate_id=rep_005; original_v6_action=replace_or_rewrite; May be a comparatively easy anchor item for C1.
cljt_008a	cljt_008	pv_008	move up	move up	acceptable	acceptable	moved up	The team moved up to first place.	advance to a higher position	none	v6_retained_or_reserve	Sonbul_ElDakhs_2024_supplement	ljt_008a		prelim_pass_native_review_required	100	derived_from_v6_pre_audio_audit_using_c_level_rubric_weights	native_review_then_pilot_strong	Both outcomes are ranking positions; rejection depends on knowing that move up denotes upward rank movement.	v6 candidate: pre-audio expert review required; do not record yet; Hierarchy/status contrast is locally tied to the PV and comparatively robust.
cljt_008b	cljt_008	pv_008	move up	move up	unacceptable	unacceptable	moved up	The team moved up to last place.	advance to a higher position	directional_hierarchy_mismatch	v6_retained_or_reserve	Sonbul_ElDakhs_2024_supplement	ljt_008b		prelim_pass_native_review_required	100	derived_from_v6_pre_audio_audit_using_c_level_rubric_weights	native_review_then_pilot_strong	Both outcomes are ranking positions; rejection depends on knowing that move up denotes upward rank movement.	v6 candidate: pre-audio expert review required; do not record yet; Hierarchy/status contrast is locally tied to the PV and comparatively robust.
cljt_009a	cljt_009	pv_009	get on	get on	acceptable	acceptable	got on	The researchers got on with the analysis.	continue or proceed with a task	none	multi_agent_revision_v2	multi_agent_synthesis_2026-07-04_round2	cljt_009	multi_agent_v2	multi_agent_revision_native_review_required	90	multi_agent_consensus_against_c_level_rubric_v2	native_review_then_pilot_strong	Both complements are research-domain nouns; analysis is a process one can proceed with, whereas a finding is an outcome rather than a task to get on with.	multi-agent synthesis v2; replaces transparent transport boarding sense with get-on-with task-continuation sense to improve C1 construct fit while retaining the original PV.
cljt_009b	cljt_009	pv_009	get on	get on	unacceptable	unacceptable	got on	The researchers got on with the finding.	continue or proceed with a task	process_outcome_complement_mismatch	multi_agent_revision_v2	multi_agent_synthesis_2026-07-04_round2	cljt_009	multi_agent_v2	multi_agent_revision_native_review_required	90	multi_agent_consensus_against_c_level_rubric_v2	native_review_then_pilot_strong	Both complements are research-domain nouns; analysis is a process one can proceed with, whereas a finding is an outcome rather than a task to get on with.	multi-agent synthesis v2; replaces transparent transport boarding sense with get-on-with task-continuation sense to improve C1 construct fit while retaining the original PV.
cljt_010a	cljt_010	pv_010	come along	play out	acceptable	acceptable	played out	The trial played out over two weeks.	develop or unfold over time	none	multi_agent_revision_v1	multi_agent_synthesis_2026-07-04	cljt_010	rep_006;multi_agent_v1	multi_agent_revision_native_review_required	92	multi_agent_consensus_against_c_level_rubric_v1	native_review_then_pilot_strong	Both nouns are legal-domain items; a trial unfolds over time, whereas a verdict is an outcome rather than the unfolding event.	multi-agent synthesis v1; revises earlier negotiations/agreement pair because agreement could plausibly play out in public; legal time-frame suppresses exhausted/literal readings.
cljt_010b	cljt_010	pv_010	come along	play out	unacceptable	unacceptable	played out	The verdict played out over two weeks.	develop or unfold over time	event_outcome_unfolding_mismatch	multi_agent_revision_v1	multi_agent_synthesis_2026-07-04	cljt_010	rep_006;multi_agent_v1	multi_agent_revision_native_review_required	92	multi_agent_consensus_against_c_level_rubric_v1	native_review_then_pilot_strong	Both nouns are legal-domain items; a trial unfolds over time, whereas a verdict is an outcome rather than the unfolding event.	multi-agent synthesis v1; revises earlier negotiations/agreement pair because agreement could plausibly play out in public; legal time-frame suppresses exhausted/literal readings.
cljt_011a	cljt_011	pv_011	stand out	stand out	acceptable	acceptable	stood out	One bid stood out among tenders.	be noticeably different or better within a comparison set	none	multi_agent_revision_v3	multi_agent_synthesis_2026-07-04_round3	cljt_011	multi_agent_v3	multi_agent_revision_native_review_required	90	multi_agent_consensus_against_c_level_rubric_v3	native_review_then_pilot_strong	Bids, tenders, and invoices are procurement-domain documents, but tenders form the relevant comparison set for a bid, whereas invoices do not.	multi-agent synthesis v3; improves essay/pages by using a same-domain procurement comparison set.
cljt_011b	cljt_011	pv_011	stand out	stand out	unacceptable	unacceptable	stood out	One bid stood out among invoices.	be noticeably different or better within a comparison set	comparison_set_mismatch	multi_agent_revision_v3	multi_agent_synthesis_2026-07-04_round3	cljt_011	multi_agent_v3	multi_agent_revision_native_review_required	90	multi_agent_consensus_against_c_level_rubric_v3	native_review_then_pilot_strong	Bids, tenders, and invoices are procurement-domain documents, but tenders form the relevant comparison set for a bid, whereas invoices do not.	multi-agent synthesis v3; improves essay/pages by using a same-domain procurement comparison set.
cljt_012a	cljt_012	pv_012	pull back	pull back	acceptable	acceptable	pulled back	The investors pulled back from the funding round.	withdraw from an activity, commitment, or planned action	none	multi_agent_revision_v3	multi_agent_synthesis_2026-07-04_round3	cljt_012	multi_agent_v3	multi_agent_revision_native_review_required	92	multi_agent_consensus_against_c_level_rubric_v3	native_review_then_pilot_strong	Both complements are finance-deal nouns; a funding round is an activity or commitment investors can withdraw from, whereas a valuation is a metric or assessment.	multi-agent synthesis v3; improves project/approval pair with a tighter finance-deal near-miss.
cljt_012b	cljt_012	pv_012	pull back	pull back	unacceptable	unacceptable	pulled back	The investors pulled back from the valuation.	withdraw from an activity, commitment, or planned action	withdrawal_activity_metric_mismatch	multi_agent_revision_v3	multi_agent_synthesis_2026-07-04_round3	cljt_012	multi_agent_v3	multi_agent_revision_native_review_required	92	multi_agent_consensus_against_c_level_rubric_v3	native_review_then_pilot_strong	Both complements are finance-deal nouns; a funding round is an activity or commitment investors can withdraw from, whereas a valuation is a metric or assessment.	multi-agent synthesis v3; improves project/approval pair with a tighter finance-deal near-miss.
cljt_013a	cljt_013	pv_013	run out	run out	acceptable	acceptable	ran out	The permit ran out during the audit.	expire or cease to be valid	none	multi_agent_revision_v3	multi_agent_synthesis_2026-07-04_round3	cljt_013	multi_agent_v3	multi_agent_revision_native_review_required	91	multi_agent_consensus_against_c_level_rubric_v3	native_review_then_pilot_strong	Both subjects are regulatory-domain nouns; a permit can expire, whereas an inspection is conducted or completed rather than running out in this validity sense.	multi-agent synthesis v3; retargets run out from resource depletion to expiry to reduce obvious stock/resource cueing.
cljt_013b	cljt_013	pv_013	run out	run out	unacceptable	unacceptable	ran out	The inspection ran out during the audit.	expire or cease to be valid	expiry_object_mismatch	multi_agent_revision_v3	multi_agent_synthesis_2026-07-04_round3	cljt_013	multi_agent_v3	multi_agent_revision_native_review_required	91	multi_agent_consensus_against_c_level_rubric_v3	native_review_then_pilot_strong	Both subjects are regulatory-domain nouns; a permit can expire, whereas an inspection is conducted or completed rather than running out in this validity sense.	multi-agent synthesis v3; retargets run out from resource depletion to expiry to reduce obvious stock/resource cueing.
cljt_014a	cljt_014	pv_014	turn over	turn over	acceptable	acceptable	turned over	The suspect turned over evidence to police.	surrender or transfer material to an authority	none	multi_agent_revision_v3	multi_agent_synthesis_2026-07-04_round3	cljt_014	multi_agent_v3	multi_agent_revision_native_review_required	91	multi_agent_consensus_against_c_level_rubric_v3	native_review_then_pilot_strong	Both objects are legal-domain nouns; evidence can be surrendered to police, whereas charges are filed, faced, or brought rather than turned over as possessed material.	multi-agent synthesis v3; keeps turn over but sharpens authority-transfer object contrast.
cljt_014b	cljt_014	pv_014	turn over	turn over	unacceptable	unacceptable	turned over	The suspect turned over charges to police.	surrender or transfer material to an authority	surrendered_material_legal_action_mismatch	multi_agent_revision_v3	multi_agent_synthesis_2026-07-04_round3	cljt_014	multi_agent_v3	multi_agent_revision_native_review_required	91	multi_agent_consensus_against_c_level_rubric_v3	native_review_then_pilot_strong	Both objects are legal-domain nouns; evidence can be surrendered to police, whereas charges are filed, faced, or brought rather than turned over as possessed material.	multi-agent synthesis v3; keeps turn over but sharpens authority-transfer object contrast.
cljt_015a	cljt_015	pv_015	put on	put on	acceptable	acceptable	put on	The gallery put on a retrospective exhibition.	stage or present an event	none	multi_agent_revision_v2	multi_agent_synthesis_2026-07-04_round2	cljt_015	multi_agent_v2	multi_agent_revision_native_review_required	91	multi_agent_consensus_against_c_level_rubric_v2	native_review_then_pilot_strong	Both objects belong to the arts-program domain; an exhibition is an event/show a gallery can put on, whereas a catalog is a related artifact normally published or produced.	multi-agent synthesis v2; improves theater/ticket pair by using an arts-institution frame that suppresses clothing and application readings.
cljt_015b	cljt_015	pv_015	put on	put on	unacceptable	unacceptable	put on	The gallery put on a retrospective catalog.	stage or present an event	staged_event_artifact_mismatch	multi_agent_revision_v2	multi_agent_synthesis_2026-07-04_round2	cljt_015	multi_agent_v2	multi_agent_revision_native_review_required	91	multi_agent_consensus_against_c_level_rubric_v2	native_review_then_pilot_strong	Both objects belong to the arts-program domain; an exhibition is an event/show a gallery can put on, whereas a catalog is a related artifact normally published or produced.	multi-agent synthesis v2; improves theater/ticket pair by using an arts-institution frame that suppresses clothing and application readings.
cljt_016a	cljt_016	pv_016	take back	take back	acceptable	acceptable	took back	The party took back the seat.	regain control, possession, or a position previously held	none	multi_agent_revision_v3	multi_agent_synthesis_2026-07-04_round3	cljt_016	multi_agent_v3	multi_agent_revision_native_review_required	92	multi_agent_consensus_against_c_level_rubric_v3	native_review_then_pilot_strong	Both objects belong to election discourse; a party can regain a seat, whereas turnout is a participation measure rather than a position to take back.	multi-agent synthesis v3; replaces sports lead/loss with institutional election-domain contrast.
cljt_016b	cljt_016	pv_016	take back	take back	unacceptable	unacceptable	took back	The party took back the turnout.	regain control, possession, or a position previously held	regained_position_result_measure_mismatch	multi_agent_revision_v3	multi_agent_synthesis_2026-07-04_round3	cljt_016	multi_agent_v3	multi_agent_revision_native_review_required	92	multi_agent_consensus_against_c_level_rubric_v3	native_review_then_pilot_strong	Both objects belong to election discourse; a party can regain a seat, whereas turnout is a participation measure rather than a position to take back.	multi-agent synthesis v3; replaces sports lead/loss with institutional election-domain contrast.
cljt_017a	cljt_017	pv_017	make out	sort out	acceptable	acceptable	sorted out	The mediator sorted out the scheduling conflict.	resolve_problem_or_understand_cause	none	v2_replacement	PHaVE	v2_007	rep_007	minor_revision_needed	86	self_review_against_c_level_rubric_v2	native_review_then_pilot	Conflict and forecast are scheduling-domain nouns; conflict can be resolved, forecast cannot.	replaces pv_017 make out; candidate_id=rep_007; original_v6_action=drop; Keep target sense as resolve_problem, not understand_cause.
cljt_017b	cljt_017	pv_017	make out	sort out	unacceptable	unacceptable	sorted out	The mediator sorted out the scheduling forecast.	resolve_problem_or_understand_cause	wrong_problem_object	v2_replacement	PHaVE	v2_007	rep_007	minor_revision_needed	86	self_review_against_c_level_rubric_v2	native_review_then_pilot	Conflict and forecast are scheduling-domain nouns; conflict can be resolved, forecast cannot.	replaces pv_017 make out; candidate_id=rep_007; original_v6_action=drop; Keep target sense as resolve_problem, not understand_cause.
cljt_018a	cljt_018	pv_018	pay off	pay off	acceptable	acceptable	paid off	The firm paid off the loan after restructuring.	settle or finish paying a debt or obligation	none	multi_agent_revision_v3	multi_agent_synthesis_2026-07-04_round3	cljt_018	multi_agent_v3	multi_agent_revision_native_review_required	92	multi_agent_consensus_against_c_level_rubric_v3	native_review_then_pilot_strong	Both objects are finance-domain nouns; a loan is a payable obligation, whereas a forecast is an estimate and cannot be paid off.	multi-agent synthesis v3; retargets pay off from broad beneficial-success sense to debt-settlement sense for clearer C1 lexical-semantic dependency.
cljt_018b	cljt_018	pv_018	pay off	pay off	unacceptable	unacceptable	paid off	The firm paid off the forecast after restructuring.	settle or finish paying a debt or obligation	payable_obligation_forecast_mismatch	multi_agent_revision_v3	multi_agent_synthesis_2026-07-04_round3	cljt_018	multi_agent_v3	multi_agent_revision_native_review_required	92	multi_agent_consensus_against_c_level_rubric_v3	native_review_then_pilot_strong	Both objects are finance-domain nouns; a loan is a payable obligation, whereas a forecast is an estimate and cannot be paid off.	multi-agent synthesis v3; retargets pay off from broad beneficial-success sense to debt-settlement sense for clearer C1 lexical-semantic dependency.
cljt_019a	cljt_019	pv_019	get off	get off	acceptable	acceptable	got off	The defendant got off with a warning.	receive no or only light punishment	none	multi_agent_revision_v2	multi_agent_synthesis_2026-07-04_round2	cljt_019	multi_agent_v2	multi_agent_revision_native_review_required	91	multi_agent_consensus_against_c_level_rubric_v2	native_review_then_pilot_strong	Both complements are legal-outcome nouns; a warning fits the lenient-penalty frame, whereas a conviction is the adverse legal outcome rather than something one gets off with.	multi-agent synthesis v2; replaces transparent leave-vehicle sense with legal leniency sense to improve C1 suitability and suppress transport/literal readings.
cljt_019b	cljt_019	pv_019	get off	get off	unacceptable	unacceptable	got off	The defendant got off with a conviction.	receive no or only light punishment	lenient_penalty_outcome_mismatch	multi_agent_revision_v2	multi_agent_synthesis_2026-07-04_round2	cljt_019	multi_agent_v2	multi_agent_revision_native_review_required	91	multi_agent_consensus_against_c_level_rubric_v2	native_review_then_pilot_strong	Both complements are legal-outcome nouns; a warning fits the lenient-penalty frame, whereas a conviction is the adverse legal outcome rather than something one gets off with.	multi-agent synthesis v2; replaces transparent leave-vehicle sense with legal leniency sense to improve C1 suitability and suppress transport/literal readings.
cljt_020a	cljt_020	pv_020	turn up	break out	acceptable	acceptable	broke out	A dispute broke out during mediation.	start suddenly, especially an undesirable event	none	multi_agent_revision_v3	multi_agent_synthesis_2026-07-04_round3	cljt_020	multi_agent_v3	multi_agent_revision_native_review_required	91	multi_agent_consensus_against_c_level_rubric_v3	native_review_then_pilot_strong	Both subjects are mediation-domain outcomes or events; a dispute can start suddenly, whereas a settlement is reached or announced rather than breaking out.	multi-agent synthesis v3; replaces turn up because arrival/appearance sense is transparent and competes with increase/found readings.
cljt_020b	cljt_020	pv_020	turn up	break out	unacceptable	unacceptable	broke out	A settlement broke out during mediation.	start suddenly, especially an undesirable event	sudden_event_positive_resolution_mismatch	multi_agent_revision_v3	multi_agent_synthesis_2026-07-04_round3	cljt_020	multi_agent_v3	multi_agent_revision_native_review_required	91	multi_agent_consensus_against_c_level_rubric_v3	native_review_then_pilot_strong	Both subjects are mediation-domain outcomes or events; a dispute can start suddenly, whereas a settlement is reached or announced rather than breaking out.	multi-agent synthesis v3; replaces turn up because arrival/appearance sense is transparent and competes with increase/found readings.
cljt_021a	cljt_021	pv_021	get down	pass on	acceptable	acceptable	passed on	The director passed on the client's message.	communicate_or_circulate_information	none	v2_replacement	PHaVE	v2_008	rep_027	minor_revision_needed	86	self_review_against_c_level_rubric_v2	native_review_then_pilot	Message and silence are communication-domain nouns; only a message can normally be passed on.	replaces pv_021 get down; candidate_id=rep_027; original_v6_action=replace_or_rewrite; Silence may be too easy as a non-transferable object; native review needed.
cljt_021b	cljt_021	pv_021	get down	pass on	unacceptable	unacceptable	passed on	The director passed on the client's silence.	communicate_or_circulate_information	wrong_information_object	v2_replacement	PHaVE	v2_008	rep_027	minor_revision_needed	86	self_review_against_c_level_rubric_v2	native_review_then_pilot	Message and silence are communication-domain nouns; only a message can normally be passed on.	replaces pv_021 get down; candidate_id=rep_027; original_v6_action=replace_or_rewrite; Silence may be too easy as a non-transferable object; native review needed.
cljt_022a	cljt_022	pv_022	cut off	cut off	acceptable	acceptable	cut off	The lender cut off the credit line.	stop providing a supply, service, or access	none	multi_agent_revision_v1	multi_agent_synthesis_2026-07-04	cljt_022	multi_agent_v1	multi_agent_revision_native_review_required	91	multi_agent_consensus_against_c_level_rubric_v1	native_review_then_pilot_strong	Both objects are finance-domain credit nouns; a credit line is an access/resource that can be stopped, whereas a credit rating is an evaluation rather than a supply.	multi-agent synthesis v1; replaces host/caller/topic pair because cut off the topic can mean stop discussing it; finance frame blocks physical cutting and speech interruption readings.
cljt_022b	cljt_022	pv_022	cut off	cut off	unacceptable	unacceptable	cut off	The lender cut off the credit rating.	stop providing a supply, service, or access	resource_access_object_mismatch	multi_agent_revision_v1	multi_agent_synthesis_2026-07-04	cljt_022	multi_agent_v1	multi_agent_revision_native_review_required	91	multi_agent_consensus_against_c_level_rubric_v1	native_review_then_pilot_strong	Both objects are finance-domain credit nouns; a credit line is an access/resource that can be stopped, whereas a credit rating is an evaluation rather than a supply.	multi-agent synthesis v1; replaces host/caller/topic pair because cut off the topic can mean stop discussing it; finance frame blocks physical cutting and speech interruption readings.
cljt_023a	cljt_023	pv_023	bring in	bring in	acceptable	acceptable	brought in	The campaign brought in large donations.	attract or generate income or support	none	multi_agent_revision_v2	multi_agent_synthesis_2026-07-04_round2	cljt_023	multi_agent_v2	multi_agent_revision_native_review_required	92	multi_agent_consensus_against_c_level_rubric_v2	native_review_then_pilot_strong	Both objects belong to campaign-finance discourse; donations are incoming support that can be brought in, whereas expenses are costs rather than generated income or support.	multi-agent synthesis v2; replaces consultant/consultation role contrast with finance-support sense for stronger C1-level semantic dependency.
cljt_023b	cljt_023	pv_023	bring in	bring in	unacceptable	unacceptable	brought in	The campaign brought in large expenses.	attract or generate income or support	incoming_support_cost_mismatch	multi_agent_revision_v2	multi_agent_synthesis_2026-07-04_round2	cljt_023	multi_agent_v2	multi_agent_revision_native_review_required	92	multi_agent_consensus_against_c_level_rubric_v2	native_review_then_pilot_strong	Both objects belong to campaign-finance discourse; donations are incoming support that can be brought in, whereas expenses are costs rather than generated income or support.	multi-agent synthesis v2; replaces consultant/consultation role contrast with finance-support sense for stronger C1-level semantic dependency.
cljt_024a	cljt_024	pv_024	put out	bring out	acceptable	acceptable	brought out	The publisher brought out a revised edition.	release_to_public	none	v2_replacement	PHaVE	v2_009	rep_009	minor_revision_needed	86	self_review_against_c_level_rubric_v2	native_review_then_pilot	Edition and appointment are publishing/professional-domain nouns; appointment is not released as a publication.	replaces pv_024 put out; candidate_id=rep_009; original_v6_action=replace_or_rewrite; Select release sense only; avoid make-quality-noticeable sense.
cljt_024b	cljt_024	pv_024	put out	bring out	unacceptable	unacceptable	brought out	The publisher brought out a revised appointment.	release_to_public	wrong_release_object	v2_replacement	PHaVE	v2_009	rep_009	minor_revision_needed	86	self_review_against_c_level_rubric_v2	native_review_then_pilot	Edition and appointment are publishing/professional-domain nouns; appointment is not released as a publication.	replaces pv_024 put out; candidate_id=rep_009; original_v6_action=replace_or_rewrite; Select release sense only; avoid make-quality-noticeable sense.
cljt_025a	cljt_025	pv_025	clean up	throw out	acceptable	acceptable	threw out	The committee threw out the weak proposal.	reject_or_refuse_to_consider	none	v2_replacement	PHaVE	v2_010	rep_010	minor_revision_needed	86	self_review_against_c_level_rubric_v2	native_review_then_pilot	Proposal and agenda are meeting-domain objects; proposal is rejectable, agenda is normally revised or changed.	replaces pv_025 clean up; candidate_id=rep_010; original_v6_action=replace_or_rewrite; Check whether throw out the agenda can mean discard/cancel agenda.
cljt_025b	cljt_025	pv_025	clean up	throw out	unacceptable	unacceptable	threw out	The committee threw out the weak agenda.	reject_or_refuse_to_consider	wrong_rejection_object	v2_replacement	PHaVE	v2_010	rep_010	minor_revision_needed	86	self_review_against_c_level_rubric_v2	native_review_then_pilot	Proposal and agenda are meeting-domain objects; proposal is rejectable, agenda is normally revised or changed.	replaces pv_025 clean up; candidate_id=rep_010; original_v6_action=replace_or_rewrite; Check whether throw out the agenda can mean discard/cancel agenda.
cljt_026a	cljt_026	pv_026	set out	set out	acceptable	acceptable	set out	The contract set out the payment terms.	state or present clearly in a document	none	multi_agent_revision_v2	multi_agent_synthesis_2026-07-04_round2	cljt_026	multi_agent_v2	multi_agent_revision_native_review_required	93	multi_agent_consensus_against_c_level_rubric_v2	native_review_then_pilot_strong	Both objects belong to payment-document discourse; terms are stipulated content a contract can set out, whereas receipts are transaction records rather than rules or conditions.	multi-agent synthesis v2; improves procedure/appendix pair with tighter same-domain payment contrast and low alternate-sense risk.
cljt_026b	cljt_026	pv_026	set out	set out	unacceptable	unacceptable	set out	The contract set out the payment receipts.	state or present clearly in a document	stipulated_content_record_mismatch	multi_agent_revision_v2	multi_agent_synthesis_2026-07-04_round2	cljt_026	multi_agent_v2	multi_agent_revision_native_review_required	93	multi_agent_consensus_against_c_level_rubric_v2	native_review_then_pilot_strong	Both objects belong to payment-document discourse; terms are stipulated content a contract can set out, whereas receipts are transaction records rather than rules or conditions.	multi-agent synthesis v2; improves procedure/appendix pair with tighter same-domain payment contrast and low alternate-sense risk.
cljt_027a	cljt_027	pv_027	break down	break down	acceptable	acceptable	broke down	The manager broke down the project budget.	divide into parts or analyze in detail	none	multi_agent_revision_v2	multi_agent_synthesis_2026-07-04_round2	cljt_027	multi_agent_v2	multi_agent_revision_native_review_required	91	multi_agent_consensus_against_c_level_rubric_v2	native_review_then_pilot_strong	Both objects are project-management nouns; a budget can be itemized or analyzed into parts, whereas a deadline is a time point rather than a decomposable object in this frame.	multi-agent synthesis v2; keeps original PV but replaces sports play/whistle with a stronger project-management near-miss.
cljt_027b	cljt_027	pv_027	break down	break down	unacceptable	unacceptable	broke down	The manager broke down the project deadline.	divide into parts or analyze in detail	decomposable_object_mismatch	multi_agent_revision_v2	multi_agent_synthesis_2026-07-04_round2	cljt_027	multi_agent_v2	multi_agent_revision_native_review_required	91	multi_agent_consensus_against_c_level_rubric_v2	native_review_then_pilot_strong	Both objects are project-management nouns; a budget can be itemized or analyzed into parts, whereas a deadline is a time point rather than a decomposable object in this frame.	multi-agent synthesis v2; keeps original PV but replaces sports play/whistle with a stronger project-management near-miss.
cljt_028a	cljt_028	pv_028	reach out	reach out	acceptable	acceptable	reached out	The client reached out for legal advice.	seek help, support, or contact	none	multi_agent_revision_v3	multi_agent_synthesis_2026-07-04_round3	cljt_028	multi_agent_v3	multi_agent_revision_native_review_required	92	multi_agent_consensus_against_c_level_rubric_v3	native_review_then_pilot_strong	Both complements are legal-information nouns; advice is help or support one seeks by reaching out, whereas evidence is collected or submitted rather than sought through this help-seeking frame.	multi-agent synthesis v3; replaces person/non-person recipient cue with a for-complement help-seeking contrast.
cljt_028b	cljt_028	pv_028	reach out	reach out	unacceptable	unacceptable	reached out	The client reached out for legal evidence.	seek help, support, or contact	help_seeking_object_mismatch	multi_agent_revision_v3	multi_agent_synthesis_2026-07-04_round3	cljt_028	multi_agent_v3	multi_agent_revision_native_review_required	92	multi_agent_consensus_against_c_level_rubric_v3	native_review_then_pilot_strong	Both complements are legal-information nouns; advice is help or support one seeks by reaching out, whereas evidence is collected or submitted rather than sought through this help-seeking frame.	multi-agent synthesis v3; replaces person/non-person recipient cue with a for-complement help-seeking contrast.
cljt_029a	cljt_029	pv_029	keep up	set off	acceptable	acceptable	set off	The comment set off a heated debate.	cause_event_or_reaction_to_start	none	v2_replacement	PHaVE	v2_011	rep_028	minor_revision_needed	88	self_review_against_c_level_rubric_v2	native_review_then_pilot	Debate and summary are discourse-domain products; only debate is an event/reaction that can be triggered.	replaces pv_029 keep up; candidate_id=rep_028; original_v6_action=replace_or_rewrite; Summary is a document/product cue; consider replacing with dispute in review.
cljt_029b	cljt_029	pv_029	keep up	set off	unacceptable	unacceptable	set off	The comment set off a heated summary.	cause_event_or_reaction_to_start	wrong_triggered_event	v2_replacement	PHaVE	v2_011	rep_028	minor_revision_needed	88	self_review_against_c_level_rubric_v2	native_review_then_pilot	Debate and summary are discourse-domain products; only debate is an event/reaction that can be triggered.	replaces pv_029 keep up; candidate_id=rep_028; original_v6_action=replace_or_rewrite; Summary is a document/product cue; consider replacing with dispute in review.
cljt_030a	cljt_030	pv_030	put up	put up	acceptable	acceptable	put up	The bidder put up the required deposit.	provide money or security for a purpose	none	multi_agent_revision_v1	multi_agent_synthesis_2026-07-04	cljt_030	multi_agent_v1	multi_agent_revision_native_review_required	90	multi_agent_consensus_against_c_level_rubric_v1	native_review_then_pilot_strong	Both objects are procurement-domain requirements; a deposit can be put up as security, whereas an estimate is submitted or provided rather than put up in this sense.	multi-agent synthesis v1; replaces banner/brochure display pair because put up a brochure is plausibly acceptable; security-money sense improves C1 construct fit.
cljt_030b	cljt_030	pv_030	put up	put up	unacceptable	unacceptable	put up	The bidder put up the required estimate.	provide money or security for a purpose	security_payment_object_mismatch	multi_agent_revision_v1	multi_agent_synthesis_2026-07-04	cljt_030	multi_agent_v1	multi_agent_revision_native_review_required	90	multi_agent_consensus_against_c_level_rubric_v1	native_review_then_pilot_strong	Both objects are procurement-domain requirements; a deposit can be put up as security, whereas an estimate is submitted or provided rather than put up in this sense.	multi-agent synthesis v1; replaces banner/brochure display pair because put up a brochure is plausibly acceptable; security-money sense improves C1 construct fit.
cljt_031a	cljt_031	pv_031	turn around	go through	acceptable	acceptable	went through	The amendment went through the committee.	be approved or pass through a formal process	none	multi_agent_revision_v2	multi_agent_synthesis_2026-07-04_round2	cljt_031	multi_agent_v2	multi_agent_revision_native_review_required	91	multi_agent_consensus_against_c_level_rubric_v2	native_review_then_pilot_strong	Both complements belong to legislative/legal discourse; an amendment can pass through a committee, whereas testimony is evidence and not the institutional approval path of the amendment.	multi-agent synthesis v2; replaces turn around because improvement/reversal/work-speed readings remain hard to control in one short aural sentence.
cljt_031b	cljt_031	pv_031	turn around	go through	unacceptable	unacceptable	went through	The amendment went through the testimony.	be approved or pass through a formal process	approval_path_evidence_object_mismatch	multi_agent_revision_v2	multi_agent_synthesis_2026-07-04_round2	cljt_031	multi_agent_v2	multi_agent_revision_native_review_required	91	multi_agent_consensus_against_c_level_rubric_v2	native_review_then_pilot_strong	Both complements belong to legislative/legal discourse; an amendment can pass through a committee, whereas testimony is evidence and not the institutional approval path of the amendment.	multi-agent synthesis v2; replaces turn around because improvement/reversal/work-speed readings remain hard to control in one short aural sentence.
cljt_032a	cljt_032	pv_032	back up	back up	acceptable	acceptable	backed up	The results backed up the hypothesis.	support with evidence	none	multi_agent_revision_v2	multi_agent_synthesis_2026-07-04_round2	cljt_032	multi_agent_v2	multi_agent_revision_native_review_required	92	multi_agent_consensus_against_c_level_rubric_v2	native_review_then_pilot_strong	Both objects are research-domain nouns; a hypothesis is a claim that results can support, whereas a questionnaire is an instrument rather than a proposition supported by results.	multi-agent synthesis v2; replaces conclusion/confusion with a tighter research-internal claim/instrument contrast.
cljt_032b	cljt_032	pv_032	back up	back up	unacceptable	unacceptable	backed up	The results backed up the questionnaire.	support with evidence	evidence_support_instrument_mismatch	multi_agent_revision_v2	multi_agent_synthesis_2026-07-04_round2	cljt_032	multi_agent_v2	multi_agent_revision_native_review_required	92	multi_agent_consensus_against_c_level_rubric_v2	native_review_then_pilot_strong	Both objects are research-domain nouns; a hypothesis is a claim that results can support, whereas a questionnaire is an instrument rather than a proposition supported by results.	multi-agent synthesis v2; replaces conclusion/confusion with a tighter research-internal claim/instrument contrast.
cljt_033a	cljt_033	pv_033	look out	open up	acceptable	acceptable	opened up	The ruling opened up new appeal options.	make available or possible	none	multi_agent_revision_v1	multi_agent_synthesis_2026-07-04	cljt_033	rep_012;multi_agent_v1	multi_agent_revision_native_review_required	91	multi_agent_consensus_against_c_level_rubric_v1	native_review_then_pilot_strong	Both objects are appeal-domain outcomes; options can become available, whereas deadlines are set, extended, or missed rather than opened up.	multi-agent synthesis v1; revises opportunities/objections pair because objections could be caused or invited by a policy; legal appeal frame blocks disclosure/speaking readings.
cljt_033b	cljt_033	pv_033	look out	open up	unacceptable	unacceptable	opened up	The ruling opened up new appeal deadlines.	make available or possible	availability_object_mismatch	multi_agent_revision_v1	multi_agent_synthesis_2026-07-04	cljt_033	rep_012;multi_agent_v1	multi_agent_revision_native_review_required	91	multi_agent_consensus_against_c_level_rubric_v1	native_review_then_pilot_strong	Both objects are appeal-domain outcomes; options can become available, whereas deadlines are set, extended, or missed rather than opened up.	multi-agent synthesis v1; revises opportunities/objections pair because objections could be caused or invited by a policy; legal appeal frame blocks disclosure/speaking readings.
cljt_034a	cljt_034	pv_034	take out	take out	acceptable	acceptable	took out	The landlord took out a flood policy.	obtain an official financial product or service	none	multi_agent_revision_v3	multi_agent_synthesis_2026-07-04_round3	cljt_034	multi_agent_v3	multi_agent_revision_native_review_required	93	multi_agent_consensus_against_c_level_rubric_v3	native_review_then_pilot_strong	Both objects belong to insurance discourse; a policy is obtained or taken out, whereas a claim is filed or submitted.	multi-agent synthesis v3; replaces mortgage/receipt with tighter insurance-domain collocation and lower literal-removal risk.
cljt_034b	cljt_034	pv_034	take out	take out	unacceptable	unacceptable	took out	The landlord took out a flood claim.	obtain an official financial product or service	insurance_product_claim_mismatch	multi_agent_revision_v3	multi_agent_synthesis_2026-07-04_round3	cljt_034	multi_agent_v3	multi_agent_revision_native_review_required	93	multi_agent_consensus_against_c_level_rubric_v3	native_review_then_pilot_strong	Both objects belong to insurance discourse; a policy is obtained or taken out, whereas a claim is filed or submitted.	multi-agent synthesis v3; replaces mortgage/receipt with tighter insurance-domain collocation and lower literal-removal risk.
cljt_035a	cljt_035	pv_035	look back	fill in	acceptable	acceptable	filled in	The consultant filled in for the project chair.	act as a temporary substitute for someone	none	multi_agent_revision_v1	multi_agent_synthesis_2026-07-04	cljt_035	rep_033;multi_agent_v1	multi_agent_revision_native_review_required	90	multi_agent_consensus_against_c_level_rubric_v1	native_review_then_pilot_strong	Both complements are project-governance nouns; a chair is a role/person one can temporarily replace, whereas a meeting is an event rather than the person or role substituted for.	multi-agent synthesis v1; replaces fill someone in on X frame because almost any topic can fit that frame; substitute-for sense gives cleaner acceptability contrast.
cljt_035b	cljt_035	pv_035	look back	fill in	unacceptable	unacceptable	filled in	The consultant filled in for the project meeting.	act as a temporary substitute for someone	substitution_role_object_mismatch	multi_agent_revision_v1	multi_agent_synthesis_2026-07-04	cljt_035	rep_033;multi_agent_v1	multi_agent_revision_native_review_required	90	multi_agent_consensus_against_c_level_rubric_v1	native_review_then_pilot_strong	Both complements are project-governance nouns; a chair is a role/person one can temporarily replace, whereas a meeting is an event rather than the person or role substituted for.	multi-agent synthesis v1; replaces fill someone in on X frame because almost any topic can fit that frame; substitute-for sense gives cleaner acceptability contrast.
cljt_036a	cljt_036	pv_036	go up	hold up	acceptable	acceptable	held up	The appeal held up the construction permit.	delay progress or completion	none	multi_agent_revision_v1	multi_agent_synthesis_2026-07-04	cljt_036	rep_024;multi_agent_v1	multi_agent_revision_native_review_required	90	multi_agent_consensus_against_c_level_rubric_v1	native_review_then_pilot_strong	Both objects are construction-administration nouns; a permit process can be delayed by an appeal, whereas a blueprint is a document, not the progress point being held up.	multi-agent synthesis v1; replaces payment/receipt pair because receipt can also be delayed; appeal subject suppresses literal holding-up readings.
cljt_036b	cljt_036	pv_036	go up	hold up	unacceptable	unacceptable	held up	The appeal held up the construction blueprint.	delay progress or completion	delayed_process_object_mismatch	multi_agent_revision_v1	multi_agent_synthesis_2026-07-04	cljt_036	rep_024;multi_agent_v1	multi_agent_revision_native_review_required	90	multi_agent_consensus_against_c_level_rubric_v1	native_review_then_pilot_strong	Both objects are construction-administration nouns; a permit process can be delayed by an appeal, whereas a blueprint is a document, not the progress point being held up.	multi-agent synthesis v1; replaces payment/receipt pair because receipt can also be delayed; appeal subject suppresses literal holding-up readings.
cljt_037a	cljt_037	pv_037	go down	shut down	acceptable	acceptable	shut down	The agency shut down the program.	stop_operating_or_functioning	none	v2_replacement	PHaVE	v2_015	rep_015	minor_revision_needed	88	self_review_against_c_level_rubric_v2	native_review_then_pilot	Program and reason are institutional-domain nouns; only the program is an operation that can be shut down.	replaces pv_037 go down; candidate_id=rep_015; original_v6_action=replace_or_rewrite; Strong candidate; check whether reason is too obviously wrong.
cljt_037b	cljt_037	pv_037	go down	shut down	unacceptable	unacceptable	shut down	The agency shut down the reason.	stop_operating_or_functioning	wrong_shutdown_object	v2_replacement	PHaVE	v2_015	rep_015	minor_revision_needed	88	self_review_against_c_level_rubric_v2	native_review_then_pilot	Program and reason are institutional-domain nouns; only the program is an operation that can be shut down.	replaces pv_037 go down; candidate_id=rep_015; original_v6_action=replace_or_rewrite; Strong candidate; check whether reason is too obviously wrong.
cljt_038a	cljt_038	pv_038	come on	turn down	acceptable	acceptable	turned down	The board turned down the proposal.	refuse_or_reject_offer_request_opportunity	none	v2_replacement	PHaVE	v2_016	rep_016	minor_revision_needed	88	self_review_against_c_level_rubric_v2	native_review_then_pilot	Proposal and evidence are decision-domain objects; evidence is normally excluded or dismissed, not turned down.	replaces pv_038 come on; candidate_id=rep_016; original_v6_action=drop; Check legal/register acceptability of turn down evidence.
cljt_038b	cljt_038	pv_038	come on	turn down	unacceptable	unacceptable	turned down	The board turned down the evidence.	refuse_or_reject_offer_request_opportunity	wrong_refusal_object	v2_replacement	PHaVE	v2_016	rep_016	minor_revision_needed	88	self_review_against_c_level_rubric_v2	native_review_then_pilot	Proposal and evidence are decision-domain objects; evidence is normally excluded or dismissed, not turned down.	replaces pv_038 come on; candidate_id=rep_016; original_v6_action=drop; Check legal/register acceptability of turn down evidence.
cljt_039a	cljt_039	pv_039	come in	take over	acceptable	acceptable	took over	The deputy took over the project.	gain_control_or_responsibility	none	v2_replacement	PHaVE	v2_017	rep_017	production_candidate_after_native_review	90	self_review_against_c_level_rubric_v2	native_review_then_pilot_strong	Project and advice are workplace-domain objects; advice cannot normally be taken over as responsibility.	replaces pv_039 come in; candidate_id=rep_017; original_v6_action=replace_or_rewrite; Best current draft among replacements.
cljt_039b	cljt_039	pv_039	come in	take over	unacceptable	unacceptable	took over	The deputy took over the advice.	gain_control_or_responsibility	wrong_control_object	v2_replacement	PHaVE	v2_017	rep_017	production_candidate_after_native_review	90	self_review_against_c_level_rubric_v2	native_review_then_pilot_strong	Project and advice are workplace-domain objects; advice cannot normally be taken over as responsibility.	replaces pv_039 come in; candidate_id=rep_017; original_v6_action=replace_or_rewrite; Best current draft among replacements.
cljt_040a	cljt_040	pv_040	come out	come out	acceptable	acceptable	came out	The senator came out against the proposal.	publicly declare a position	none	multi_agent_revision_v1	multi_agent_synthesis_2026-07-04	cljt_040	multi_agent_v1	multi_agent_revision_native_review_required	90	multi_agent_consensus_against_c_level_rubric_v1	native_review_then_pilot_strong	Both objects belong to public-hearing or policy discourse; a proposal is a stance target one can come out against, whereas evidence is normally challenged or disputed, not opposed through this come-out-against frame.	multi-agent synthesis v1; replaces reveal-sense secret/witness pair because person subjects invite literal/social readings; stance frame makes the target sense clearer.
cljt_040b	cljt_040	pv_040	come out	come out	unacceptable	unacceptable	came out	The senator came out against the evidence.	publicly declare a position	stance_target_mismatch	multi_agent_revision_v1	multi_agent_synthesis_2026-07-04	cljt_040	multi_agent_v1	multi_agent_revision_native_review_required	90	multi_agent_consensus_against_c_level_rubric_v1	native_review_then_pilot_strong	Both objects belong to public-hearing or policy discourse; a proposal is a stance target one can come out against, whereas evidence is normally challenged or disputed, not opposed through this come-out-against frame.	multi-agent synthesis v1; replaces reveal-sense secret/witness pair because person subjects invite literal/social readings; stance frame makes the target sense clearer.
cljt_041a	cljt_041	pv_041	bring about	bring about	acceptable	acceptable	brought about	The ruling brought about a retrial.	cause an event, outcome, or state to happen	none	multi_agent_revision_v3	multi_agent_synthesis_2026-07-04_round3	cljt_041	multi_agent_v3	multi_agent_revision_native_review_required	91	multi_agent_consensus_against_c_level_rubric_v3	native_review_then_pilot_strong	Both objects are legal-domain nouns; a ruling can cause a retrial, whereas a transcript is produced or prepared rather than brought about as an institutional outcome.	multi-agent synthesis v3; replaces generic reforms/change/evidence pair with a legal-domain event/record contrast.
cljt_041b	cljt_041	pv_041	bring about	bring about	unacceptable	unacceptable	brought about	The ruling brought about a transcript.	cause an event, outcome, or state to happen	caused_outcome_record_mismatch	multi_agent_revision_v3	multi_agent_synthesis_2026-07-04_round3	cljt_041	multi_agent_v3	multi_agent_revision_native_review_required	91	multi_agent_consensus_against_c_level_rubric_v3	native_review_then_pilot_strong	Both objects are legal-domain nouns; a ruling can cause a retrial, whereas a transcript is produced or prepared rather than brought about as an institutional outcome.	multi-agent synthesis v3; replaces generic reforms/change/evidence pair with a legal-domain event/record contrast.
cljt_042a	cljt_042	pv_042	carry out	carry out	acceptable	acceptable	carried out	The researchers carried out the analysis.	conduct or perform a task	none	v6_retained_or_reserve	S&AW_PHaVE	ljt_042a		prelim_pass_native_review_required	100	derived_from_v6_pre_audio_audit_using_c_level_rubric_weights	native_review_then_pilot_strong	Both objects are research-domain nouns; analysis is a task that can be carried out, whereas hypothesis is a proposition to test.	v6 candidate: pre-audio expert review required; do not record yet; Conduct/perform task sense is strong for academic LJT; use plausible wrong task objects.
cljt_042b	cljt_042	pv_042	carry out	carry out	unacceptable	unacceptable	carried out	The researchers carried out the hypothesis.	conduct or perform a task	research_task_mismatch	v6_retained_or_reserve	S&AW_PHaVE	ljt_042b		prelim_pass_native_review_required	100	derived_from_v6_pre_audio_audit_using_c_level_rubric_weights	native_review_then_pilot_strong	Both objects are research-domain nouns; analysis is a task that can be carried out, whereas hypothesis is a proposition to test.	v6 candidate: pre-audio expert review required; do not record yet; Conduct/perform task sense is strong for academic LJT; use plausible wrong task objects.
cljt_043a	cljt_043	pv_043	rule out	rule out	acceptable	acceptable	ruled out	The doctor ruled out infection.	exclude a possibility	none	v6_retained_or_reserve	S&AW_PHaVE	ljt_043a		prelim_pass_native_review_required	100	derived_from_v6_pre_audio_audit_using_c_level_rubric_weights	native_review_then_pilot_strong	Both objects are medical-domain nouns; infection can be excluded as a possibility, whereas symptoms are observed signs, not the ruled-out condition.	v6 candidate: pre-audio expert review required; do not record yet; Exclude-possibility sense is a strong academic candidate with manageable near-misses.
cljt_043b	cljt_043	pv_043	rule out	rule out	unacceptable	unacceptable	ruled out	The doctor ruled out symptoms.	exclude a possibility	diagnostic_possibility_mismatch	v6_retained_or_reserve	S&AW_PHaVE	ljt_043b		prelim_pass_native_review_required	100	derived_from_v6_pre_audio_audit_using_c_level_rubric_weights	native_review_then_pilot_strong	Both objects are medical-domain nouns; infection can be excluded as a possibility, whereas symptoms are observed signs, not the ruled-out condition.	v6 candidate: pre-audio expert review required; do not record yet; Exclude-possibility sense is a strong academic candidate with manageable near-misses.
cljt_044a	cljt_044	pv_044	point out	bring down	acceptable	acceptable	brought down	The scandal brought down the minister.	cause someone to lose power or position	none	multi_agent_revision_v2	multi_agent_synthesis_2026-07-04_round2	cljt_044	multi_agent_v2	multi_agent_revision_native_review_required	90	multi_agent_consensus_against_c_level_rubric_v2	native_review_then_pilot_strong	Both objects belong to political-news discourse; a minister is a status holder who can be forced from office, whereas a briefing is an event or information session, not someone in power.	multi-agent synthesis v2; replaces point out because the information-object frame accepts too many possible complements and is difficult to make selectively unacceptable.
cljt_044b	cljt_044	pv_044	point out	bring down	unacceptable	unacceptable	brought down	The scandal brought down the briefing.	cause someone to lose power or position	status_holder_event_mismatch	multi_agent_revision_v2	multi_agent_synthesis_2026-07-04_round2	cljt_044	multi_agent_v2	multi_agent_revision_native_review_required	90	multi_agent_consensus_against_c_level_rubric_v2	native_review_then_pilot_strong	Both objects belong to political-news discourse; a minister is a status holder who can be forced from office, whereas a briefing is an event or information session, not someone in power.	multi-agent synthesis v2; replaces point out because the information-object frame accepts too many possible complements and is difficult to make selectively unacceptable.
cljt_045a	cljt_045	pv_045	sum up	sum up	acceptable	acceptable	summed up	The abstract summed up the study.	summarize the main points	none	v6_retained_or_reserve	S&AW_PHaVE	ljt_045a		prelim_pass_native_review_required	100	derived_from_v6_pre_audio_audit_using_c_level_rubric_weights	native_review_then_pilot_strong	Both nouns are academic-document nouns; an abstract summarizes a study, not a heading.	v6 candidate: pre-audio expert review required; do not record yet; Summarize-content sense is strong if both conditions use text/content objects.
cljt_045b	cljt_045	pv_045	sum up	sum up	unacceptable	unacceptable	summed up	The abstract summed up the heading.	summarize the main points	summary_object_mismatch	v6_retained_or_reserve	S&AW_PHaVE	ljt_045b		prelim_pass_native_review_required	100	derived_from_v6_pre_audio_audit_using_c_level_rubric_weights	native_review_then_pilot_strong	Both nouns are academic-document nouns; an abstract summarizes a study, not a heading.	v6 candidate: pre-audio expert review required; do not record yet; Summarize-content sense is strong if both conditions use text/content objects.
cljt_046a	cljt_046	pv_046	follow up	follow up	acceptable	acceptable	followed up	The clinic followed up on the patient referral.	take further action on a case or matter	none	multi_agent_revision_v2	multi_agent_synthesis_2026-07-04_round2	cljt_046	multi_agent_v2	multi_agent_revision_native_review_required	90	multi_agent_consensus_against_c_level_rubric_v2	native_review_then_pilot_strong	Both objects belong to clinic-patient administration; a referral triggers further action, whereas a brochure is informational material rather than a case or matter requiring follow-up.	multi-agent synthesis v2; improves thermometer pair with a same-domain administrative near-miss, though native review should check breadth of follow up on.
cljt_046b	cljt_046	pv_046	follow up	follow up	unacceptable	unacceptable	followed up	The clinic followed up on the patient brochure.	take further action on a case or matter	follow_up_trigger_material_mismatch	multi_agent_revision_v2	multi_agent_synthesis_2026-07-04_round2	cljt_046	multi_agent_v2	multi_agent_revision_native_review_required	90	multi_agent_consensus_against_c_level_rubric_v2	native_review_then_pilot_strong	Both objects belong to clinic-patient administration; a referral triggers further action, whereas a brochure is informational material rather than a case or matter requiring follow-up.	multi-agent synthesis v2; improves thermometer pair with a same-domain administrative near-miss, though native review should check breadth of follow up on.
cljt_047a	cljt_047	pv_047	lay out	lay out	acceptable	acceptable	laid out	The diagram laid out the process.	present or arrange clearly	none	v6_retained_or_reserve	S&AW_PHaVE	ljt_047a		prelim_pass_native_review_required	100	derived_from_v6_pre_audio_audit_using_c_level_rubric_weights	native_review_then_pilot_strong	Both objects are document/information nouns; diagram can present a process clearly, not normally a footnote.	v6 candidate: pre-audio expert review required; do not record yet; Present/organize-information sense is strong, but literal arrangement sense must be avoided.
cljt_047b	cljt_047	pv_047	lay out	lay out	unacceptable	unacceptable	laid out	The diagram laid out the footnote.	present or arrange clearly	information_organization_mismatch	v6_retained_or_reserve	S&AW_PHaVE	ljt_047b		prelim_pass_native_review_required	100	derived_from_v6_pre_audio_audit_using_c_level_rubric_weights	native_review_then_pilot_strong	Both objects are document/information nouns; diagram can present a process clearly, not normally a footnote.	v6 candidate: pre-audio expert review required; do not record yet; Present/organize-information sense is strong, but literal arrangement sense must be avoided.
cljt_048a	cljt_048	pv_048	work out	work out	acceptable	acceptable	worked out	The students worked out the equation.	find or calculate a solution	none	v6_retained_or_reserve	S&AW_PHaVE	ljt_048a		prelim_pass_native_review_required	85	derived_from_v6_pre_audio_audit_using_c_level_rubric_weights	native_review_then_pilot	Both objects are classroom-domain nouns; equation is a problem that can be solved, whereas pencil is not.	v6 candidate: pre-audio expert review required; do not record yet; Solution/calculation sense is strong if both conditions involve problems or quantities.
cljt_048b	cljt_048	pv_048	work out	work out	unacceptable	unacceptable	worked out	The students worked out the pencil.	find or calculate a solution	problem_solving_object_mismatch	v6_retained_or_reserve	S&AW_PHaVE	ljt_048b		prelim_pass_native_review_required	85	derived_from_v6_pre_audio_audit_using_c_level_rubric_weights	native_review_then_pilot	Both objects are classroom-domain nouns; equation is a problem that can be solved, whereas pencil is not.	v6 candidate: pre-audio expert review required; do not record yet; Solution/calculation sense is strong if both conditions involve problems or quantities.
